Message,PartPlace,VacuumAN
WX31D79H32H2,0.99,6.587
WX31D79H3J6H,1.008,4.712
WX31D79H3HTN,1.026,6.812
WX31D79H3HJ2,1.026,6.812
WX31D79H3FEP,1.044,6.763
WX31D79H33LN,1.044,6.763
WX31D79H3Y9V,1.026,6.812
WX31D79H3ZEZ,1.008,4.712
WX31D79H3CRK,1.026,6.812
WX31D79H3D32,1.044,6.763
WX31D79H3XJE,1.026,6.812
WX31D79H3JCV,1.008,4.712
WX31D79H36A5,1.008,4.712
WX31D79H3D5J,1.044,6.763
WX31D79H3L4Y,1.008,4.712
WX31D79H3JUX,1.008,4.712
WX31D79H33PD,1.026,6.812
WX31D79H3C1H,1.008,4.712
WX31D79H3TKK,1.026,6.812
WX31D79H3AFJ,0.99,6.587
WX31D79H3972,1.008,4.712
WX31D79H33J6,1.026,6.812
WX31D79H31DR,1.044,6.763
WX31D79H35C2,0.99,6.587
WX31D79H3LYE,1.026,6.812
WX31D79H3U89,1.008,4.712
WX31D79H3L00,1.008,4.712
WX31D79H39X8,1.026,6.812
WX31D79H3V4K,1.008,4.712
WX31D79H30F6,1.026,6.812
WX31D79H3TKN,1.008,4.712
WX31D79H3C4Y,0.99,6.587
WX31D79H3KTC,1.044,6.763
WX31D79H3ZD9,1.026,6.812
WX31D79H3DUX,1.044,6.763
WX31D79H3L71,1.044,6.763
WX31D79H3UN5,1.008,4.712
WX31D79H3FA7,1.008,4.712
WX31D79H37JZ,1.044,6.763
WX31D79H3Z15,1.026,6.812
WX31D79H35P7,1.026,6.812
WX31D79H3JU2,1.044,6.763
WX31D79H30DC,1.044,6.763
WX31D79H30RL,1.044,6.763
WX31D79H3KSE,1.026,6.812
WX31D79H3JZJ,1.044,6.763
WX31D79H3RU4,1.026,6.812
WX31D79H363X,1.044,6.763
WX31D79H3KVY,1.008,4.712
WX31D79H3C31,1.008,4.712
WX31D79H3X9H,0.99,6.587
WX31D79H3H16,1.008,4.712
WX31D79H3Y5S,1.026,6.812
WX31D79H3VA5,0.99,6.587
WX31D79H3L8P,1.008,4.712
WX31D79H3K3E,1.044,6.763
WX31D79H37ER,1.044,6.763
WX31D79H37VJ,1.044,6.763
WX31D79H39A8,1.026,6.812
WX31D79H3XAV,1.044,6.763
WX31D79H3LT8,1.026,6.812
WX31D79H3065,1.026,6.812
WX31D79H36E5,1.026,6.812
WX31D79H3DFD,1.044,6.763
WX31D79H363S,1.008,4.712
WX31D79H3V35,0.99,6.587
WX31D79H3X22,0.99,6.587
WX31D79H3KTF,1.044,6.763
WX31D79H3VV8,1.008,4.712
WX31D79H37CE,1.044,6.763
WX31D79H3SD3,1.026,6.812
WX31D79H3ULV,1.044,6.763
WX31D79H3EKN,1.044,6.763
WX31D79H3K64,1.026,6.812
WX31D79H3VT5,1.026,6.812
WX31D79H3P14,1.026,6.812
WX31D79H3Z8R,1.008,4.712
WX31D79H3VHS,1.044,6.763
WX31D79H35HV,1.044,6.763
WX31D79H3PTF,1.026,6.812
WX31D79H3CDF,1.026,6.812
WX31D79H34XE,1.026,6.812
WX31D79H3FSE,1.008,4.712
WX31D79H381F,1.026,6.812
WX31D79H34V3,0.99,6.587
WX31D79H3990,0.99,6.587
WX31D79H3V4V,1.026,6.812
WX31D79H3TV3,1.026,6.812
WX31D79H3N0Y,0.972,6.587
WX31D79H35R6,1.008,4.712
WX31D79H3HV4,1.008,4.712
WX31D79H3E1F,0.99,6.587
WX31D79H37SY,0.99,6.587
WX31D79H31RT,1.026,6.812
WX31D79H3NRX,1.044,6.763
WX31D79H30E0,1.008,4.712
WX31D79H3T3A,1.008,4.712
WX31D79H3HDD,1.008,4.712
WX31D79H3YNU,1.008,4.712
WX31D79H3Z9H,1.008,4.712
WX31D79H31LA,1.026,6.812
WX31D79H3A4U,1.044,6.763
WX31D79H379N,1.008,4.712
WX31D79H3819,0.99,6.587
WX31D79H3YHA,1.026,6.812
WX31D79H3JSS,0.972,6.587
WX31D79H3581,1.008,4.712
WX31D79H3R1R,1.026,6.812
WX31D79H3605,1.008,4.712
WX31D79H3ZXP,1.044,6.763
WX31D79H3YPA,1.044,6.763
WX31D79H3J8E,1.008,4.712
WX31D79H36Z5,0.99,6.587
WX31D79H3TLD,1.026,6.812
WX31D79H3X4R,1.008,4.712
WX31D79H3T95,1.008,4.712
WX31D79H3J1Z,1.044,6.763
WX31D79H3051,1.044,6.763
WX31D79H35U9,1.044,6.763
WX31D79H3FN2,1.026,6.812
WX31D79H3UC1,1.008,4.712
WX31D79H3A3T,1.026,6.812
WX31D79H3SUN,1.008,4.712
WX31D79H3214,1.044,6.763
WX31D79H33N9,0.99,6.587
WX31D79H3NYN,1.044,6.763
WX31D79H31JD,1.026,6.812
WX31D79H39RD,1.026,6.812
WX31D79H3KS3,1.026,6.812
WX31D79H37KU,1.008,4.712
WX31D79H3S71,1.026,6.812
WX31D79H3F5J,0.99,6.587
WX31D79H3U33,1.026,6.812
WX31D79H3FPP,1.026,6.812
WX31D79H3KD9,1.026,6.812
WX31D79H3LEU,1.026,6.812
WX31D79H3E0P,1.026,6.812
WX31D79H3VHS,1.026,6.812
WX31D79H3ZYU,1.008,4.712
WX31D79H3NRS,1.044,6.763
WX31D79H38J9,1.026,6.812
WX31D79H3UKZ,1.008,4.712
WX31D79H3RSS,1.008,4.712
WX31D79H3LS4,1.008,4.712
WX31D79H3H7V,1.008,4.712
WX31D79H3D04,1.026,6.812
WX31D79H3E2D,0.99,6.587
WX31D79H3SXH,1.026,6.812
WX31D79H3C30,0.99,6.587
WX31D79H3FTL,1.008,4.712
WX31D79H3V1H,1.008,4.712
WX31D79H3HYK,1.008,4.712
WX31D79H37C0,1.044,6.763
WX31D79H3S93,1.044,6.763
WX31D79H3ZC0,1.044,6.763
WX31D79H3ZAV,0.99,6.587
WX31D79H3S5L,1.026,6.812
WX31D79H3PR4,0.99,6.587
WX31D79H306Y,1.026,6.812
WX31D79H3NKS,1.026,6.812
WX31D79H31Z0,1.044,6.763
WX31D79H3YYU,1.044,6.763
WX31D79H3T5V,1.026,6.812
WX31D79H3HJX,0.99,6.587
WX31D79H350J,1.026,6.812
WX31D79H32X6,1.008,4.712
WX31D79H3E2X,1.026,6.812
WX31D79H3NVC,1.026,6.812
WX31D79H3EAJ,1.026,6.812
WX31D79H3E3A,1.026,6.812
WX31D79H3HST,1.026,6.812
WX31D79H31L8,1.008,4.712
WX31D79H3448,1.026,6.812
WX31D79H34P0,1.008,4.712
WX31D79H37RF,1.026,6.812
WX31D79H35FF,1.044,6.763
WX31D79H322U,1.026,6.812
WX31D79H36D1,1.026,6.812
WX31D79H31VT,1.008,4.712
WX31D79H3RS9,1.008,4.712
WX31D79H3LXU,1.044,6.763
WX31D79H3LE2,1.044,6.763
WX31D79H324J,1.026,6.812
WX31D79H36DP,1.008,4.712
WX31D79H3CRN,1.026,6.812
WX31D79H3H1T,0.99,6.587
WX31D79H3U24,1.044,6.763
WX31D79H3U82,1.008,4.712
WX31D79H3AC1,0.99,6.587
WX31D79H3U4R,1.026,6.812
WX31D79H31YK,1.044,6.763
WX31D79H3VXE,1.008,4.712
WX31D79H3ZK7,0.99,6.587
WX31D79H3Y7P,1.026,6.812
WX31D79H31UD,1.026,6.812
WX31D79H39SK,1.026,6.812
WX31D79H3RL5,1.026,6.812
WX31D79H3NVE,1.026,6.812
WX31D79H3661,1.008,4.712
WX31D79H3YNN,1.044,6.763
WX31D79H3N8L,0.99,6.587
WX31D79H3R3R,1.008,4.712
WX31D79H3YFR,1.026,6.812
WX31D79H3PZT,1.008,4.712
WX31D79H3JEK,1.026,6.812
WX31D79H38HZ,1.008,4.712
WX31D79H31A9,1.008,4.712
WX31D79H365N,1.008,4.712
WX31D79H3CVS,1.026,6.812
WX31D79H3J1E,0.99,6.587
WX31D79H3RR2,1.026,6.812
WX31D79H3EZ4,1.026,6.812
WX31D79H3AYS,1.008,4.712
WX31D79H3L3D,1.026,6.812
WX31D79H3SZS,1.044,6.763
WX31D79H3S01,0.99,6.587
WX31D79H3N7X,1.026,6.812
WX31D79H3SDD,1.008,4.712
WX31D79H3XU5,1.008,4.712
WX31D79H37P1,0.99,6.587
WX31D79H3ARP,1.008,4.712
WX31D79H3SNY,1.026,6.812
WX31D79H393T,0.99,6.587
WX31D79H38FT,0.99,6.587
WX31D79H3YTC,0.99,6.587
WX31D79H3S1E,1.044,6.763
WX31D79H3YDJ,1.026,6.812
WX31D79H3FCX,0.99,6.587
WX31D79H3AND,1.008,4.712
WX31D79H31ZR,1.044,6.763
WX31D79H34L3,1.026,6.812
WX31D79H36Z9,0.99,6.587
WX31D79H3AHX,0.99,6.587
WX31D79H37D0,0.99,6.587
WX31D79H3699,1.026,6.812
WX31D79H3S7F,1.008,4.712
WX31D79H3Y66,0.99,6.587
WX31D79H3JPF,1.008,4.712
WX31D79H3H8V,1.008,4.712
WX31D79H31ED,0.972,6.587
WX31D79H3SZP,1.008,4.712
WX31D79H33NN,1.008,4.712
WX31D79H3644,0.99,6.587
WX31D79H35RU,1.026,6.812
WX31D79H35N8,1.008,4.712
WX31D79H3NAU,1.008,4.712
WX31D79H302D,1.008,4.712
WX31D79H3PZ9,1.026,6.812
WX31D79H36D0,1.026,6.812
WX31D79H3HN1,1.008,4.712
WX31D79H3S2X,1.008,4.712
WX31D79H3VTV,1.008,4.712
WX31D79H3FHK,1.026,6.812
WX31D79H3UEJ,1.026,6.812
WX31D79H3PAZ,1.026,6.812
WX31D79H3S4C,1.026,6.812
WX31D79H3A6P,1.044,6.763
WX31D79H3NY0,1.044,6.763
WX31D79H397L,1.044,6.763
WX31D79H3PNJ,1.044,6.763
WX31D79H367Z,1.026,6.812
WX31D79H3TPS,1.008,4.712
WX31D79H30NE,1.008,4.712
WX31D79H341T,1.044,6.763
WX31D79H3E2J,1.026,6.812
WX31D79H33VE,1.008,4.712
WX31D79H32F7,1.026,6.812
WX31D79H3JP1,1.008,4.712
WX31D79H3X09,1.044,6.763
WX31D79H3YYR,1.044,6.763
WX31D79H33S5,1.008,4.712
WX31D79H37DV,1.026,6.812
WX31D79H3A6E,1.026,6.812
WX31D79H32Z3,1.044,6.763
WX31D79H3DTP,1.026,6.812
WX31D79H3VSE,1.026,6.812
WX31D79H3TLS,1.026,6.812
WX31D79H39Z7,1.026,6.812
WX31D79H3L9Z,1.044,6.763
WX31D79H3H34,1.044,6.763
WX31D79H322T,1.044,6.763
WX31D79H3UDZ,1.026,6.812
WX31D79H3HYH,1.044,6.763
WX31D79H3L5X,1.044,6.763
WX31D79H3HH9,1.026,6.812
WX31D79H3FXL,1.026,6.812
WX31D79H3PPZ,1.008,4.712
WX31D79H3ZVX,1.026,6.812
WX31D79H3J6V,1.026,6.812
WX31D79H3ZL2,1.026,6.812
WX31D79H3956,1.026,6.812
WX31D79H33ZV,1.026,6.812
WX31D79H35X6,1.044,6.763
WX31D79H3X8E,1.008,4.712
WX31D79H3Z1F,1.044,6.763
WX31D79H373K,1.026,6.812
WX31D79H3516,0.99,6.587
WX31D79H3XU8,1.044,6.763
WX31D79H3TXA,1.044,6.763
WX31D79H3ZR3,1.008,4.712
WX31D79H36X9,1.026,6.812
WX31D79H3YT1,1.044,6.763
WX31D79H3KDE,1.044,6.763
WX31D79H3NLJ,1.044,6.763
WX31D79H3V9L,1.008,4.712
WX31D79H3PPT,1.008,4.712
WX31D79H3XTX,1.008,4.712
WX31D79H3162,1.008,4.712
WX31D79H3Z59,1.026,6.812
WX31D79H3Z0X,1.026,6.812
WX31D79H3RAF,1.026,6.812
WX31D79H3FC9,1.008,4.712
WX31D79H3PFA,1.026,6.812
WX31D79H36FF,1.026,6.812
WX31D79H3VLT,1.026,6.812
WX31D79H3ZJP,1.026,6.812
WX31D79H384P,1.026,6.812
WX31D79H37N5,1.026,6.812
WX31D79H3036,1.026,6.812
WX31D79H34ZC,1.044,6.763
WX31D79H3544,1.008,4.712
WX31D79H390R,1.026,6.812
WX31D79H341T,1.044,6.763
WX31D79H336R,1.044,6.763
WX31D79H3XPD,1.044,6.763
WX31D79H3UE3,1.008,4.712
WX31D79H3K7A,1.044,6.763
WX31D79H3DYH,1.008,4.712
WX31D79H38PU,1.044,6.763
WX31D79H30Y0,1.026,6.812
WX31D79H3X9R,1.026,6.812
WX31D79H3D20,0.99,6.587
WX31D79H3LDE,1.008,4.712
WX31D79H3TYL,1.026,6.812
WX31D79H3955,1.044,6.763
WX31D79H3UTY,1.008,4.712
WX31D79H3X6K,0.99,6.587
WX31D79H3NDP,1.008,4.712
WX31D79H32J0,1.044,6.763
WX31D79H37DU,1.044,6.763
WX31D79H3J39,1.008,4.712
WX31D79H3A4Z,1.026,6.812
WX31D79H3KEF,1.026,6.812
WX31D79H3S0Z,1.008,4.712
WX31D79H3D9X,1.008,4.712
WX31D79H3D75,1.044,6.763
WX31D79H362E,1.008,4.712
WX31D79H3FAF,1.026,6.812
WX31D79H37Y9,0.99,6.587
WX31D79H30Y4,1.008,4.712
WX31D79H31A3,1.044,6.763
WX31D79H3F28,1.026,6.812
WX31D79H3D3A,1.026,6.812
WX31D79H3H0N,1.026,6.812
WX31D79H3YJU,1.008,4.712
WX31D79H3982,1.008,4.712
WX31D79H34C8,1.026,6.812
WX31D79H3JXJ,1.008,4.712
WX31D79H3HV8,0.99,6.587
WX31D79H3YAN,1.044,6.763
WX31D79H3PU2,0.99,6.587
WX31D79H3PL3,1.044,6.763
WX31D79H3D5Y,1.008,4.712
WX31D79H353X,1.008,4.712
WX31D79H31FY,1.026,6.812
WX31D79H3FYV,0.99,6.587
WX31D79H31HJ,1.026,6.812
WX31D79H33A2,1.026,6.812
WX31D79H353N,1.044,6.763
WX31D79H369D,1.026,6.812
WX31D79H33P5,1.008,4.712
WX31D79H31Y9,1.026,6.812
WX31D79H3DRN,1.008,4.712
WX31D79H3Z9Y,1.044,6.763
WX31D79H3KUF,1.026,6.812
WX31D79H3UVU,1.044,6.763
WX31D79H36XP,1.044,6.763
WX31D79H3AZ4,1.026,6.812
WX31D79H39KV,1.008,4.712
WX31D79H3PNR,1.026,6.812
WX31D79H3ZHU,1.026,6.812
WX31D79H34SY,0.99,6.587
WX31D79H3Y05,1.044,6.763
WX31D79H3XE0,0.99,6.587
WX31D79H3PY6,1.044,6.763
WX31D79H3Y09,1.026,6.812
WX31D79H305R,1.008,4.712
WX31D79H3V37,1.008,4.712
WX31D79H3UCE,1.026,6.812
WX31D79H3UAL,1.026,6.812
WX31D79H3LRD,1.026,6.812
WX31D79H35H0,0.99,6.587
WX31D79H37SJ,1.026,6.812
WX31D79H3720,1.044,6.763
WX31D79H3TN1,1.008,4.712
WX31D79H3YYS,1.026,6.812
WX31D79H30F7,1.008,4.712
WX31D79H30E4,1.026,6.812
WX31D79H3Y9F,0.99,6.587
WX31D79H31SN,1.026,6.812
WX31D79H3R1X,1.026,6.812
WX31D79H33YX,1.026,6.812
WX31D79H36Y3,0.99,6.587
WX31D79H334K,1.044,6.763
WX31D79H3FSV,1.026,6.812
WX31D79H3SH6,1.008,4.712
WX31D79H3Z36,1.008,4.712
WX31D79H3K06,0.99,6.587
WX31D79H32DD,1.026,6.812
WX31D79H3ZXJ,1.008,4.712
WX31D79H340R,1.008,4.712
WX31D79H3JS1,1.008,4.712
WX31D79H34XZ,1.008,4.712
WX31D79H3R9F,0.99,6.587
WX31D79H31E5,1.026,6.812
WX31D79H39AE,0.99,6.587
WX31D79H3VS3,1.008,4.712
WX31D79H3HEC,1.008,4.712
WX31D79H3XNC,1.008,4.712
WX31D79H3K2V,1.008,4.712
WX31D79H32PZ,1.026,6.812
WX31D79H3YFL,1.008,4.712
WX31D79H3H46,0.99,6.587
WX31D79H3R02,1.026,6.812
WX31D79H30DH,1.026,6.812
WX31D79H3CNV,1.026,6.812
WX31D79H3EH1,1.026,6.812
WX31D79H32TX,0.99,6.587
WX31D79H3385,1.044,6.763
WX31D79H309U,1.026,6.812
WX31D79H3468,1.008,4.712
WX31D79H30AR,0.99,6.587
WX31D79H3DDK,0.99,6.587
WX31D79H32L5,0.99,6.587
WX31D79H3ACK,1.008,4.712
WX31D79H3UH7,1.044,6.763
WX31D79H3TL3,1.026,6.812
WX31D79H33HR,1.026,6.812
WX31D79H37ZA,0.99,6.587
WX31D79H3L8D,1.026,6.812
WX31D79H3359,1.026,6.812
WX31D79H355K,1.026,6.812
WX31D79H3N64,1.044,6.763
WX31D79H3834,1.026,6.812
WX31D79H3PX7,1.044,6.763
WX31D79H332P,1.026,6.812
WX31D79H3HLJ,1.008,4.712
WX31D79H3FY7,1.044,6.763
WX31D79H3K3A,1.026,6.812
WX31D79H3613,1.026,6.812
WX31D79H3CU9,1.026,6.812
WX31D79H3JHR,1.044,6.763
WX31D79H3N79,1.044,6.763
WX31D79H39HN,1.026,6.812
WX31D79H3S0C,1.008,4.712
WX31D79H313S,1.008,4.712
WX31D79H3DEJ,1.008,4.712
WX31D79H3N2E,1.008,4.712
WX31D79H34R2,0.99,6.587
WX31D79H376S,1.026,6.812
WX31D79H3EN9,1.008,4.712
WX31D79H3P3A,1.026,6.812
WX31D79H3ZVD,1.026,6.812
WX31D79H3DL8,1.026,6.812
WX31D79H3FU1,1.008,4.712
WX31D79H36S3,1.026,6.812
WX31D79H3XXV,1.008,4.712
WX31D79H3Z93,1.044,6.763
WX31D79H3J6P,0.99,6.587
WX31D79H30LF,1.026,6.812
WX31D79H3U11,1.026,6.812
WX31D79H3757,1.026,6.812
WX31D79H3Z62,1.044,6.763
WX31D79H3980,1.026,6.812
WX31D79H3X6U,1.026,6.812
WX31D79H3T0Y,1.044,6.763
WX31D79H3HJE,1.008,4.712
WX31D79H30V9,1.026,6.812
WX31D79H3X0H,1.026,6.812
WX31D79H3P2E,1.026,6.812
WX31D79H39L2,1.044,6.763
WX31D79H3FJE,1.008,4.712
WX31D79H3K4R,1.026,6.812
WX31D79H34SR,0.99,6.587
WX31D79H3554,0.99,6.587
WX31D79H3A8X,1.008,4.712
WX31D79H3FPZ,1.026,6.812
WX31D79H3VUJ,1.044,6.763
WX31D79H3JK8,1.008,4.712
WX31D79H3TCA,1.026,6.812
WX31D79H3J0C,1.008,4.712
WX31D79H3SFT,1.044,6.763
WX31D79H3LH4,1.008,4.712
WX31D79H328J,1.008,4.712
WX31D79H3R49,0.99,6.587
WX31D79H39ZY,1.026,6.812
WX31D79H373D,0.99,6.587
WX31D79H3V3C,1.044,6.763
WX31D79H3AZ0,1.026,6.812
WX31D79H30UA,0.99,6.587
WX31D79H390Y,0.99,6.587
WX31D79H3K8S,1.026,6.812
WX31D79H3TSL,1.026,6.812
WX31D79H328E,1.026,6.812
WX31D79H3H0C,1.008,4.712
WX31D79H3UKP,1.008,4.712
WX31D79H31KY,1.026,6.812
WX31D79H3KUV,1.008,4.712
WX31D79H3096,1.008,4.712
WX31D79H38FV,0.99,6.587
WX31D79H3P54,1.026,6.812
WX31D79H3PER,1.008,4.712
WX31D79H3YYK,1.008,4.712
WX31D79H3H5Z,1.044,6.763
WX31D79H3VLY,1.044,6.763
WX31D79H3U84,0.99,6.587
WX31D79H3AFY,1.008,4.712
WX31D79H36K2,1.008,4.712
WX31D79H3F9U,1.008,4.712
WX31D79H370K,1.026,6.812
WX31D79H3U91,1.026,6.812
WX31D79H3LLC,1.044,6.763
WX31D79H39AS,1.044,6.763
WX31D79H3YYZ,1.044,6.763
WX31D79H3TTP,1.044,6.763
WX31D79H366T,1.026,6.812
WX31D79H3Z57,1.026,6.812
WX31D79H3090,1.044,6.763
WX31D79H32R3,1.026,6.812
WX31D79H3C2N,1.044,6.763
WX31D79H3UPE,1.008,4.712
WX31D79H33EA,1.008,4.712
WX31D79H3Y2N,1.044,6.763
WX31D79H3SZU,1.044,6.763
WX31D79H3NYV,1.026,6.812
WX31D79H3KT2,1.026,6.812
WX31D79H35PY,1.026,6.812
WX31D79H3T4K,1.026,6.812
WX31D79H336X,1.044,6.763
WX31D79H3J87,1.044,6.763
WX31D79H3JRV,1.008,4.712
WX31D79H3CAD,1.044,6.763
WX31D79H3TSY,1.044,6.763
WX31D79H3XU1,1.026,6.812
WX31D79H33UE,1.044,6.763
WX31D79H3TXR,1.026,6.812
WX31D79H3231,1.026,6.812
WX31D79H3TYK,1.044,6.763
WX31D79H394F,1.026,6.812
WX31D79H3K88,1.026,6.812
WX31D79H3HA3,1.008,4.712
WX31D79H3JHA,1.026,6.812
WX31D79H3AL2,0.99,6.587
WX31D79H32NJ,1.044,6.763
WX31D79H3739,1.044,6.763
WX31D79H3004,1.026,6.812
WX31D79H343Y,1.044,6.763
WX31D79H3SL0,1.044,6.763
WX31D79H3TT9,1.026,6.812
WX31D79H3L45,1.026,6.812
WX31D79H3947,1.044,6.763
WX31D79H3NVV,1.026,6.812
WX31D79H3CDZ,1.008,4.712
WX31D79H3LFS,1.026,6.812
WX31D79H3678,1.026,6.812
WX31D79H3EXL,1.008,4.712
WX31D79H3485,1.044,6.763
WX31D79H3A33,1.008,4.712
WX31D79H33J9,1.044,6.763
WX31D79H3JTD,1.044,6.763
WX31D79H37FE,1.026,6.812
WX31D79H33DK,1.044,6.763
WX31D79H3YSX,0.99,6.587
WX31D79H3A1D,1.044,6.763
WX31D79H3DJS,1.044,6.763
WX31D79H3NJ3,1.026,6.812
WX31D79H3TAV,1.026,6.812
WX31D79H37DL,1.044,6.763
WX31D79H3NTY,1.008,4.712
WX31D79H33SD,1.044,6.763
WX31D79H35JD,1.008,4.712
WX31D79H3DCN,1.026,6.812
WX31D79H32LR,1.026,6.812
WX31D79H3Z53,1.044,6.763
WX31D79H3P0Y,0.99,6.587
WX31D79H3ZN1,1.026,6.812
WX31D79H3JSH,1.044,6.763
WX31D79H3YY5,1.026,6.812
WX31D79H3RA2,1.008,4.712
WX31D79H3AC0,1.008,4.712
WX31D79H3D2R,1.026,6.812
WX31D79H3C5S,1.044,6.763
WX31D79H3JTA,1.044,6.763
WX31D79H35L8,1.008,4.712
WX31D79H34TC,1.026,6.812
WX31D79H3FLP,1.008,4.712
WX31D79H3TZN,1.026,6.812
WX31D79H37T9,1.026,6.812
WX31D79H3ZR0,1.008,4.712
WX31D79H3LRS,0.972,6.587
WX31D79H3CNZ,1.008,4.712
WX31D79H34D2,1.044,6.763
WX31D79H3EX3,1.008,4.712
WX31D79H3LNZ,1.026,6.812
WX31D79H3F54,1.044,6.763
WX31D79H37YU,1.026,6.812
WX31D79H3PCV,1.026,6.812
WX31D79H36RV,1.044,6.763
WX31D79H3CSZ,1.008,4.712
WX31D79H3VNC,0.99,6.587
WX31D79H39VZ,1.044,6.763
WX31D79H34U5,1.026,6.812
WX31D79H3SLV,1.026,6.812
WX31D79H3XUC,1.026,6.812
WX31D79H3RSE,0.99,6.587
WX31D79H3V4T,1.026,6.812
WX31D79H33VX,1.008,4.712
WX31D79H3NX6,1.008,4.712
WX31D79H3L3R,1.026,6.812
WX31D79H3R17,1.026,6.812
WX31D79H3TFK,1.008,4.712
WX31D79H3DAN,1.008,4.712
WX31D79H3D19,1.026,6.812
WX31D79H35FK,1.026,6.812
WX31D79H35YC,1.008,4.712
WX31D79H3X7D,1.026,6.812
WX31D79H326H,1.008,4.712
WX31D79H3YAV,1.008,4.712
WX31D79H3RN6,1.026,6.812
WX31D79H31EH,1.026,6.812
WX31D79H3XNS,1.026,6.812
WX31D79H3XJZ,0.99,6.587
WX31D79H3JJ3,1.044,6.763
WX31D79H3KF0,0.99,6.587
WX31D79H38JK,1.026,6.812
WX31D79H37R3,0.99,6.587
WX31D79H3DDL,1.026,6.812
WX31D79H3LC1,1.008,4.712
WX31D79H3H9N,1.026,6.812
WX31D79H333Y,1.008,4.712
WX31D79H391T,1.008,4.712
WX31D79H3N60,1.008,4.712
WX31D79H3U0S,0.99,6.587
WX31D79H388J,1.026,6.812
WX31D79H38ER,0.99,6.587
WX31D79H3N3Z,0.972,6.587
WX31D79H3FZX,1.008,4.712
WX31D79H3C27,1.044,6.763
WX31D79H3HAR,1.026,6.812
WX31D79H3TZ5,1.008,4.712
WX31D79H3L87,1.026,6.812
WX31D79H30XE,1.026,6.812
WX31D79H3D77,1.026,6.812
WX31D79H3A8X,1.008,4.712
WX31D79H3DFJ,1.026,6.812
WX31D79H3AZ4,1.026,6.812
WX31D79H3VS3,1.008,4.712
WX31D79H3PNR,0.99,6.587
WX31D79H3Z93,1.008,4.712
WX31D79H328J,1.026,6.812
WX31D79H3SFT,1.008,4.712
WX31D79H3TCA,1.026,6.812
WX31D79H3VUJ,1.026,6.812
WX31D79H3Z62,1.044,6.763
WX31D79H3P70,1.008,4.712
WX31D79H3016,1.026,6.812
WX31D79H3STS,1.026,6.812
WX31D79H3PKF,1.026,6.812
WX31D79H33TV,1.026,6.812
WX31D79H3H6F,1.044,6.763
WX31D79H3ADN,1.008,4.712
WX31D79H3CY9,1.026,6.812
WX31D79H3149,1.026,6.812
WX31D79H34SR,1.008,4.712
WX31D79H302L,0.99,6.587
WX31D79H31U2,1.008,4.712
WX31D79H32TR,1.044,6.763
WX31D79H3D2U,1.044,6.763
WX31D79H3YDS,1.026,6.812
WX31D79H37N3,1.044,6.763
WX31D79H374D,1.026,6.812
WX31D79H3NS7,1.008,4.712
WX31D79H39ZY,1.026,6.812
WX31D79H36S3,1.026,6.812
WX31D79H3N2E,0.99,6.587
WX31D79H390Y,1.008,4.712
WX31D79H3V3C,1.026,6.812
WX31D79H3739,1.026,6.812
WX31D79H3CDZ,1.008,4.712
WX31D79H3678,0.99,6.587
WX31D79H394F,1.026,6.812
WX31D79H3K6C,1.044,6.763
WX31D79H3KLT,1.044,6.763
WX31D79H3ACS,1.026,6.812
WX31D79H3KC8,1.008,4.712
WX31D79H3RKU,1.026,6.812
WX31D79H38VY,1.026,6.812
WX31D79H3A47,1.008,4.712
WX31D79H3KDL,1.026,6.812
WX31D79H3JD0,1.008,4.712
WX31D79H3N0V,1.026,6.812
WX31D79H3JRX,1.026,6.812
WX31D79H3ZZ6,1.026,6.812
WX31D79H3KAZ,1.026,6.812
WX31D79H3THE,1.026,6.812
WX31D79H38KP,1.044,6.763
WX31D79H39UE,1.008,4.712
WX31D79H373R,1.026,6.812
WX31D79H32UH,1.008,4.712
WX31D79H3VLY,1.026,6.812
WX31D79H35H0,0.99,6.587
WX31D79H3KRV,0.99,6.587
WX31D79H313H,0.99,6.587
WX31D79H3919,1.008,4.712
WX31D79H3FZA,1.044,6.763
WX31D79H3D7U,1.026,6.812
WX31D79H3P1L,1.026,6.812
WX31D79H38CL,1.026,6.812
WX31D79H3FY2,0.99,6.587
WX31D79H3THR,1.044,6.763
WX31D79H38JZ,1.026,6.812
WX31D79H3PUJ,1.026,6.812
WX31D79H3HFP,1.026,6.812
WX31D79H36H3,1.044,6.763
WX31D79H3RKT,1.008,4.712
WX31D79H34KT,0.99,6.587
WX31D79H3JLJ,1.026,6.812
WX31D79H34RH,1.008,4.712
WX31D79H3436,1.026,6.812
WX31D79H3C2D,1.008,4.712
WX31D79H3EH0,1.026,6.812
WX31D79H3SST,1.008,4.712
WX31D79H3NKR,1.044,6.763
WX31D79H3PS9,1.026,6.812
WX31D79H3X5H,1.008,4.712
WX31D79H3CX4,1.026,6.812
WX31D79H3P4K,1.044,6.763
WX31D79H3VRZ,1.008,4.712
WX31D79H3L2E,0.99,6.587
WX31D79H3LJH,0.99,6.587
WX31D79H3LU3,1.026,6.812
WX31D79H3JUZ,0.99,6.587
WX31D79H3X79,0.972,6.587
WX31D79H355N,1.008,4.712
WX31D79H3H0Y,1.026,6.812
WX31D79H3N50,1.008,4.712
WX31D79H3LJ8,1.008,4.712
WX31D79H3666,0.954,6.587
WX31D79H3H4S,1.008,4.712
WX31D79H34T1,1.008,4.712
WX31D79H3T80,1.008,4.712
WX31D79H3PX8,1.008,4.712
WX31D79H3ALP,1.026,6.812
WX31D79H3JKX,1.008,4.712
WX31D79H32R0,1.026,6.812
WX31D79H3J2V,0.99,6.587
WX31D79H3EZX,1.026,6.812
WX31D79H35K3,0.99,6.587
WX31D79H3T79,1.008,4.712
WX31D79H3FKU,1.044,6.763
WX31D79H3K15,1.026,6.812
WX31D79H3SYT,1.026,6.812
WX31D79H3HVF,1.026,6.812
WX31D79H37ZH,0.972,6.587
WX31D79H3LV9,1.044,6.763
WX31D79H36T1,1.044,6.763
WX31D79H31UC,1.026,6.812
WX31D79H38DU,1.044,6.763
WX31D79H3T34,1.026,6.812
WX31D79H3RUY,1.026,6.812
WX31D79H38T9,0.99,6.587
WX31D79H3889,1.008,4.712
WX31D79H36UD,0.99,6.587
WX31D79H32VZ,1.008,4.712
WX31D79H3LAU,1.008,4.712
WX31D79H30A1,1.008,4.712
WX31D79H35SA,0.99,6.587
WX31D79H32V3,1.008,4.712
WX31D79H3REJ,1.044,6.763
WX31D79H3PDR,1.044,6.763
WX31D79H32SD,1.008,4.712
WX31D79H36HD,1.026,6.812
WX31D79H37N4,1.026,6.812
WX31D79H31Z4,1.008,4.712
WX31D79H3C74,1.008,4.712
WX31D79H39NF,1.044,6.763
WX31D79H3R3V,1.008,4.712
WX31D79H3EHC,1.026,6.812
WX31D79H34X8,0.99,6.587
WX31D79H3K4N,1.026,6.812
WX31D79H32AU,1.044,6.763
WX31D79H337S,0.99,6.587
WX31D79H3VS0,1.026,6.812
WX31D79H3Z6P,0.99,6.587
WX31D79H39XL,1.026,6.812
WX31D79H3S0H,0.99,6.587
WX31D79H3SCJ,1.026,6.812
WX31D79H3E6C,1.008,4.712
WX31D79H3LPD,0.99,6.587
WX31D79H3FPN,1.044,6.763
WX31D79H3YCE,1.008,4.712
WX31D79H3Z97,1.008,4.712
WX31D79H3F9T,1.008,4.712
WX31D79H310L,1.044,6.763
WX31D79H3C7E,1.026,6.812
WX31D79H38DR,0.99,6.587
WX31D79H3YJ1,0.99,6.587
WX31D79H3LK0,0.99,6.587
WX31D79H3UFF,1.026,6.812
WX31D79H34VV,1.026,6.812
WX31D79H33HJ,1.008,4.712
WX31D79H30JY,1.026,6.812
WX31D79H3AH9,0.972,6.587
WX31D79H37P7,0.99,6.587
WX31D79H3RZZ,1.044,6.763
WX31D79H34E5,1.008,4.712
WX31D79H3L25,1.008,4.712
WX31D79H3AX8,1.008,4.712
WX31D79H3P8Y,1.008,4.712
WX31D79H3KX5,1.044,6.763
WX31D79H36R1,1.026,6.812
WX31D79H348Z,1.008,4.712
WX31D79H3DJZ,1.026,6.812
WX31D79H3L1Y,1.026,6.812
WX31D79H37CY,1.008,4.712
WX31D79H3ATX,0.99,6.587
WX31D79H353R,0.972,6.587
WX31D79H3H2R,1.044,6.763
WX31D79H3K18,1.026,6.812
WX31D79H35K4,1.008,4.712
WX31D79H3167,0.972,6.587
WX31D79H30ZN,1.008,4.712
WX31D79H3E8L,1.026,6.812
WX31D79H3EYY,1.008,4.712
WX31D79H3ZNS,0.99,6.587
WX31D79H33HA,1.008,4.712
WX31D79H3E82,1.008,4.712
WX31D79H38E3,0.99,6.587
WX31D79H3JY6,1.008,4.712
WX31D79H3VAR,0.99,6.587
WX31D79H3SE9,1.044,6.763
WX31D79H3SFJ,1.026,6.812
WX31D79H3YFD,1.008,4.712
WX31D79H3LTP,1.044,6.763
WX31D79H3V0L,1.008,4.712
WX31D79H3X9V,1.044,6.763
WX31D79H3LYH,1.008,4.712
WX31D79H33SV,1.008,4.712
WX31D79H3Y7K,1.026,6.812
WX31D79H3NNZ,1.026,6.812
WX31D79H3NJ6,1.044,6.763
WX31D79H3U5L,1.026,6.812
WX31D79H3YDL,1.026,6.812
WX31D79H3T6L,1.008,4.712
WX31D79H30VK,0.99,6.587
WX31D79H3615,1.008,4.712
WX31D79H3R7E,1.008,4.712
WX31D79H35ZL,0.99,6.587
WX31D79H354U,1.026,6.812
WX31D79H30C2,1.026,6.812
WX31D79H3SP6,0.99,6.587
WX31D79H39LJ,1.026,6.812
WX31D79H3NTN,0.99,6.587
WX31D79H3A2K,0.972,6.587
WX31D79H3CC5,1.026,6.812
WX31D79H3JVX,0.99,6.587
WX31D79H3CA0,1.008,4.712
WX31D79H3X36,1.026,6.812
WX31D79H3J10,0.99,6.587
WX31D79H3071,1.026,6.812
WX31D79H3998,1.044,6.763
WX31D79H3HS2,1.026,6.812
WX31D79H34S6,1.044,6.763
WX31D79H3X55,0.99,6.587
WX31D79H3SAZ,1.008,4.712
WX31D79H34NE,1.026,6.812
WX31D79H3RYN,1.026,6.812
WX31D79H34LT,1.026,6.812
WX31D79H326V,1.026,6.812
WX31D79H3RPY,1.008,4.712
WX31D79H3ADA,1.026,6.812
WX31D79H35KA,1.026,6.812
WX31D79H36E0,1.026,6.812
WX31D79H3D1A,1.026,6.812
WX31D79H3JED,1.026,6.812
WX31D79H3842,1.044,6.763
WX31D79H39CZ,1.026,6.812
WX31D79H39XK,1.044,6.763
WX31D79H30SU,1.026,6.812
WX31D79H32ZP,0.99,6.587
WX31D79H3NHR,1.026,6.812
WX31D79H3EDJ,1.044,6.763
WX31D79H3X01,1.026,6.812
WX31D79H3KK9,1.044,6.763
WX31D79H3ANK,1.044,6.763
WX31D79H3D86,1.026,6.812
WX31D79H3UXS,1.026,6.812
WX31D79H3HPK,1.008,4.712
WX31D79H3TFV,1.008,4.712
WX31D79H3S7V,1.044,6.763
WX31D79H3H4L,1.008,4.712
WX31D79H3A1D,1.026,6.812
WX31D79H3JTD,1.026,6.812
WX31D79H35TJ,1.008,4.712
WX31D79H3S4S,1.026,6.812
WX31D79H361V,1.044,6.763
WX31D79H3ZS5,1.044,6.763
WX31D79H3NX6,1.026,6.812
WX31D79H3033,1.044,6.763
WX31D79H3PD2,1.026,6.812
WX31D79H3LV5,1.008,4.712
WX31D79H3CPE,1.026,6.812
WX31D79H3SVX,1.008,4.712
WX31D79H3ULP,1.026,6.812
WX31D79H3SZZ,1.026,6.812
WX31D79H3K0S,1.026,6.812
WX31D79H312V,1.026,6.812
WX31D79H3X4X,1.026,6.812
WX31D79H38FU,1.026,6.812
WX31D79H3ZYS,1.008,4.712
WX31D79H3K98,1.044,6.763
WX31D79H3LES,1.044,6.763
WX31D79H3U0X,1.008,4.712
WX31D79H38AL,1.026,6.812
WX31D79H360E,0.99,6.587
WX31D79H3X5L,1.026,6.812
WX31D79H3LYC,1.008,4.712
WX31D79H3HXK,1.044,6.763
WX31D79H3A1Y,1.008,4.712
WX31D79H3JAA,1.008,4.712
WX31D79H30UF,1.008,4.712
WX31D79H3R8L,1.008,4.712
WX31D79H3DAJ,1.008,4.712
WX31D79H3L73,1.026,6.812
WX31D79H3UVN,0.99,6.587
WX31D79H3PLV,1.026,6.812
WX31D79H35DL,1.008,4.712
WX31D79H3VHP,1.026,6.812
WX31D79H3SA4,0.99,6.587
WX31D79H30KJ,1.044,6.763
WX31D79H3C69,1.026,6.812
WX31D79H3ZTC,1.008,4.712
WX31D79H3E0U,1.008,4.712
WX31D79H3YLS,1.026,6.812
WX31D79H3D8T,0.99,6.587
WX31D79H36A6,1.008,4.712
WX31D79H37NL,1.008,4.712
WX31D79H3019,1.008,4.712
WX31D79H3LC8,0.99,6.587
WX31D79H34HX,1.008,4.712
WX31D79H3NZ6,1.026,6.812
WX31D79H31LX,0.99,6.587
WX31D79H37KJ,1.008,4.712
WX31D79H31H4,1.026,6.812
WX31D79H309F,1.026,6.812
WX31D79H388H,1.026,6.812
WX31D79H323F,1.008,4.712
WX31D79H38XZ,1.044,6.763
WX31D79H30HX,1.026,6.812
WX31D79H3HYC,1.044,6.763
WX31D79H3Z7E,1.026,6.812
WX31D79H3EH4,1.008,4.712
WX31D79H39FV,1.008,4.712
WX31D79H33D2,1.008,4.712
WX31D79H3JK0,0.99,6.587
WX31D79H3UJY,0.972,6.587
WX31D79H3T9C,1.008,4.712
WX31D79H3AXV,1.008,4.712
WX31D79H343C,1.008,4.712
WX31D79H383H,1.026,6.812
WX31D79H34JL,1.026,6.812
WX31D79H3SJ1,1.026,6.812
WX31D79H3ELY,1.008,4.712
WX31D79H35XS,0.99,6.587
WX31D79H33EU,1.008,4.712
WX31D79H3PT6,1.026,6.812
WX31D79H3949,1.008,4.712
WX31D79H3JL2,1.008,4.712
WX31D79H3V0S,1.026,6.812
WX31D79H37U2,1.008,4.712
WX31D79H3AS4,0.99,6.587
WX31D79H37FZ,1.044,6.763
WX31D79H3ASF,0.99,6.587
WX31D79H3A4R,0.99,6.587
WX31D79H3YAY,1.008,4.712
WX31D79H37H6,1.026,6.812
WX31D79H35JA,1.026,6.812
WX31D79H3RH1,0.99,6.587
WX31D79H3886,1.026,6.812
WX31D79H3HPZ,1.008,4.712
WX31D79H36KE,1.008,4.712
WX31D79H3DU9,1.026,6.812
WX31D79H3045,1.008,4.712
WX31D79H3RV4,1.008,4.712
WX31D79H3U5U,1.008,4.712
WX31D79H38SL,0.99,6.587
WX31D79H3LP0,0.99,6.587
WX31D79H3RR9,0.972,6.587
WX31D79H36UA,1.026,6.812
WX31D79H3FE4,1.026,6.812
WX31D79H3D1C,1.026,6.812
WX31D79H32AE,1.026,6.812
WX31D79H3N04,1.008,4.712
WX31D79H30E1,1.026,6.812
WX31D79H3LUN,1.008,4.712
WX31D79H3D3E,1.026,6.812
WX31D79H3ST4,0.99,6.587
WX31D79H3396,1.008,4.712
WX31D79H3KTN,1.008,4.712
WX31D79H39HS,0.99,6.587
WX31D79H3AV2,0.99,6.587
WX31D79H3KR8,1.026,6.812
WX31D79H3ZT2,1.026,6.812
WX31D79H3NS9,1.008,4.712
WX31D79H3RKE,1.008,4.712
WX31D79H3F1N,1.026,6.812
WX31D79H3ZEN,1.026,6.812
WX31D79H3416,1.026,6.812
WX31D79H3028,1.026,6.812
WX31D79H3JXV,1.026,6.812
WX31D79H39CS,0.99,6.587
WX31D79H32TF,1.026,6.812
WX31D79H3P74,1.026,6.812
WX31D79H3Y9C,1.008,4.712
WX31D79H3CT8,0.99,6.587
WX31D79H32VJ,0.99,6.587
WX31D79H32J8,0.99,6.587
WX31D79H3VYK,1.008,4.712
WX31D79H305E,1.044,6.763
WX31D79H34CL,1.044,6.763
WX31D79H3AKH,1.026,6.812
WX31D79H31FZ,0.99,6.587
WX31D79H3HZ2,1.044,6.763
WX31D79H3VEP,1.026,6.812
WX31D79H3L3Z,1.026,6.812
WX31D79H3XR6,1.026,6.812
WX31D79H3XYL,1.026,6.812
WX31D79H3466,1.008,4.712
WX31D79H315X,1.008,4.712
WX31D79H339A,1.008,4.712
WX31D79H31KH,1.008,4.712
WX31D79H3RKL,1.008,4.712
WX31D79H3LZ3,1.026,6.812
WX31D79H312R,1.044,6.763
WX31D79H3H71,0.99,6.587
WX31D79H3UKV,1.026,6.812
WX31D79H382S,1.026,6.812
WX31D79H3PN1,1.026,6.812
WX31D79H32X9,1.044,6.763
WX31D79H32YV,1.026,6.812
WX31D79H3K8D,1.008,4.712
WX31D79H3LFT,0.99,6.587
WX31D79H3178,1.044,6.763
WX31D79H367F,1.026,6.812
WX31D79H3994,1.008,4.712
WX31D79H3Z98,1.026,6.812
WX31D79H3N9K,1.044,6.763
WX31D79H323A,0.99,6.587
WX31D79H374C,1.044,6.763
WX31D79H3YUK,1.008,4.712
WX31D79H3PTN,1.026,6.812
WX31D79H383D,1.008,4.712
WX31D79H36S5,0.99,6.587
WX31D79H3R3K,1.008,4.712
WX31D79H3CYK,1.044,6.763
WX31D79H3D1U,1.026,6.812
WX31D79H3T9V,1.044,6.763
WX31D79H3P1Z,1.044,6.763
WX31D79H37CV,1.044,6.763
WX31D79H3S29,1.026,6.812
WX31D79H34E9,1.026,6.812
WX31D79H3NK9,1.008,4.712
WX31D79H3X17,1.008,4.712
WX31D79H3JK4,0.99,6.587
WX31D79H3VXL,0.99,6.587
WX31D79H33PH,1.008,4.712
WX31D79H3AVD,1.026,6.812
WX31D79H3SAL,1.026,6.812
WX31D79H3LSK,1.026,6.812
WX31D79H3405,1.008,4.712
WX31D79H32HY,0.99,6.587
WX31D79H3SF5,1.008,4.712
WX31D79H3UV0,1.008,4.712
WX31D79H3PRR,1.026,6.812
WX31D79H3X7R,0.99,6.587
WX31D79H3K23,1.008,4.712
WX31D79H3LHR,1.008,4.712
WX31D79H3R7V,1.008,4.712
WX31D79H3Z8H,1.026,6.812
WX31D79H3HSD,1.008,4.712
WX31D79H3XC1,1.044,6.763
WX31D79H38VE,1.026,6.812
WX31D79H3YEP,1.008,4.712
WX31D79H3SEH,0.99,6.587
WX31D79H347H,1.026,6.812
WX31D79H3D78,1.008,4.712
WX31D79H3YZD,1.008,4.712
WX31D79H3E14,1.008,4.712
WX31D79H32YS,1.044,6.763
WX31D79H3JN0,1.008,4.712
WX31D79H3Z46,0.99,6.587
WX31D79H3R7C,1.008,4.712
WX31D79H3PET,1.026,6.812
WX31D79H3XNZ,1.026,6.812
WX31D79H3D84,1.008,4.712
WX31D79H38LJ,0.99,6.587
WX31D79H3NET,1.026,6.812
WX31D79H3R0H,1.026,6.812
WX31D79H3ECC,1.026,6.812
WX31D79H3EAF,1.026,6.812
WX31D79H34AA,1.026,6.812
WX31D79H3XT8,1.026,6.812
WX31D79H3NUR,1.026,6.812
WX31D79H3X7E,1.008,4.712
WX31D79H3HC6,1.008,4.712
WX31D79H3TDN,1.008,4.712
WX31D79H3NXL,1.008,4.712
WX31D79H32DT,1.044,6.763
WX31D79H3JAK,1.008,4.712
WX31D79H3558,0.972,6.587
WX31D79H3P9C,0.99,6.587
WX31D79H3V44,1.026,6.812
WX31D79H34H2,1.026,6.812
WX31D79H3SLL,1.008,4.712
WX31D79H360S,1.026,6.812
WX31D79H3J7T,0.99,6.587
WX31D79H34SN,1.008,4.712
WX31D79H31F1,0.99,6.587
WX31D79H3DYR,1.008,4.712
WX31D79H3X5L,0.99,6.587
WX31D79H3DX7,1.026,6.812
WX31D79H3D3S,1.044,6.763
WX31D79H3JVU,0.99,6.587
WX31D79H32KS,1.026,6.812
WX31D79H3U4U,1.008,4.712
WX31D79H3DV4,1.044,6.763
WX31D79H386S,1.026,6.812
WX31D79H31F7,1.008,4.712
WX31D79H3S4N,1.026,6.812
WX31D79H3UEK,1.008,4.712
WX31D79H3XZT,1.026,6.812
WX31D79H3ZDX,1.026,6.812
WX31D79H30HS,1.026,6.812
WX31D79H313D,1.026,6.812
WX31D79H3N30,1.008,4.712
WX31D79H30SL,1.026,6.812
WX31D79H3FJN,1.044,6.763
WX31D79H39AK,1.026,6.812
WX31D79H3YET,1.026,6.812
WX31D79H3HDA,1.026,6.812
WX31D79H3NE1,1.026,6.812
WX31D79H36DL,1.008,4.712
WX31D79H3PJ2,1.044,6.763
WX31D79H3D10,1.044,6.763
WX31D79H33EJ,1.026,6.812
WX31D79H3DDP,1.026,6.812
WX31D79H3RT2,1.026,6.812
WX31D79H31EX,1.044,6.763
WX31D79H3T70,1.008,4.712
WX31D79H3Z1X,1.026,6.812
WX31D79H31E9,1.026,6.812
WX31D79H3JAX,0.99,6.587
WX31D79H3PNL,0.99,6.587
WX31D79H3X67,1.026,6.812
WX31D79H3734,0.99,6.587
WX31D79H33CP,1.008,4.712
WX31D79H3VZA,1.044,6.763
WX31D79H3R78,1.044,6.763
WX31D79H39TY,1.026,6.812
WX31D79H3PL5,0.99,6.587
WX31D79H35KX,1.026,6.812
WX31D79H3JCK,0.99,6.587
WX31D79H3ZE5,1.008,4.712
WX31D79H3AV1,1.026,6.812
WX31D79H3C12,1.026,6.812
WX31D79H3C6C,1.044,6.763
WX31D79H3JY2,1.008,4.712
WX31D79H34LE,1.026,6.812
WX31D79H36U0,0.972,6.587
WX31D79H34UA,0.99,6.587
WX31D79H3NLU,1.008,4.712
WX31D79H3CD5,1.026,6.812
WX31D79H3481,1.008,4.712
WX31D79H3455,1.026,6.812
WX31D79H33ER,1.044,6.763
WX31D79H3K11,1.026,6.812
WX31D79H3CT7,1.044,6.763
WX31D79H3J7J,1.008,4.712
WX31D79H3E4U,1.026,6.812
WX31D79H3Y8J,1.026,6.812
WX31D79H3EUE,1.008,4.712
WX31D79H3P3R,1.044,6.763
WX31D79H3XAY,1.026,6.812
WX31D79H3AT7,1.026,6.812
WX31D79H33SF,1.008,4.712
WX31D79H3ZUU,1.008,4.712
WX31D79H3EEA,1.026,6.812
WX31D79H3J9L,1.026,6.812
WX31D79H34YV,1.008,4.712
WX31D79H3TEH,1.044,6.763
WX31D79H3PAS,1.026,6.812
WX31D79H3JZ0,1.044,6.763
WX31D79H3XN3,1.044,6.763
WX31D79H3040,1.008,4.712
WX31D79H3PD8,1.008,4.712
WX31D79H36PD,1.026,6.812
WX31D79H3J4V,0.972,6.587
WX31D79H3KAK,1.008,4.712
WX31D79H3SXY,1.008,4.712
WX31D79H3CL6,1.008,4.712
WX31D79H3H35,1.026,6.812
WX31D79H3FNK,1.026,6.812
WX31D79H3C3L,1.026,6.812
WX31D79H37YV,0.99,6.587
WX31D79H3DL4,0.99,6.587
WX31D79H3D9L,0.99,6.587
WX31D79H3L92,1.026,6.812
WX31D79H30VR,1.008,4.712
WX31D79H3668,1.008,4.712
WX31D79H3U4T,0.99,6.587
WX31D79H31AD,1.008,4.712
WX31D79H32E5,1.026,6.812
WX31D79H3NXS,1.008,4.712
WX31D79H3JLC,1.044,6.763
WX31D79H3L9P,1.008,4.712
WX31D79H3FV1,1.008,4.712
WX31D79H3NY8,1.044,6.763
WX31D79H3V8A,1.044,6.763
WX31D79H3J79,1.008,4.712
WX31D79H3ZNA,1.044,6.763
WX31D79H3V3L,1.026,6.812
WX31D79H33PT,1.044,6.763
WX31D79H33N7,1.026,6.812
WX31D79H3LSH,1.044,6.763
WX31D79H38Z7,1.008,4.712
WX31D79H3JD4,1.026,6.812
WX31D79H3LEA,0.99,6.587
WX31D79H3SYJ,0.972,6.587
WX31D79H3KPU,0.99,6.587
WX31D79H3XHY,1.026,6.812
WX31D79H3V28,1.026,6.812
WX31D79H3N5Y,1.026,6.812
WX31D79H37LP,1.008,4.712
WX31D79H349F,1.026,6.812
WX31D79H32YY,1.026,6.812
WX31D79H32LX,1.008,4.712
WX31D79H3623,0.99,6.587
WX31D79H35LR,0.99,6.587
WX31D79H3LZJ,1.026,6.812
WX31D79H36LL,1.026,6.812
WX31D79H3LD5,1.008,4.712
WX31D79H3FLS,1.026,6.812
WX31D79H31DD,1.026,6.812
WX31D79H3PJE,1.008,4.712
WX31D79H3U2H,1.044,6.763
WX31D79H3PH2,1.026,6.812
WX31D79H31Y0,0.99,6.587
WX31D79H380A,1.044,6.763
WX31D79H31FL,1.044,6.763
WX31D79H30S5,1.044,6.763
WX31D79H345T,1.008,4.712
WX31D79H34JV,0.99,6.587
WX31D79H3AEC,1.008,4.712
WX31D79H3Y93,0.972,6.587
WX31D79H3HLA,1.008,4.712
WX31D79H3S6T,1.044,6.763
WX31D79H3ZAY,1.008,4.712
WX31D79H3Z1L,0.99,6.587
WX31D79H3U0J,1.008,4.712
WX31D79H3D9E,0.954,6.587
WX31D79H39KD,1.008,4.712
WX31D79H3C1Y,1.008,4.712
WX31D79H3VA0,1.026,6.812
WX31D79H3SFR,1.026,6.812
WX31D79H342P,0.99,6.587
WX31D79H38C7,1.026,6.812
WX31D79H3N4U,1.044,6.763
WX31D79H3NEA,0.99,6.587
WX31D79H3P81,0.972,6.587
WX31D79H3NKP,0.99,6.587
WX31D79H3CS4,1.008,4.712
WX31D79H3Y9Y,1.008,4.712
WX31D79H383Z,1.008,4.712
WX31D79H39NE,1.026,6.812
WX31D79H3SYV,1.008,4.712
WX31D79H3VA4,1.008,4.712
WX31D79H3DY6,0.99,6.587
WX31D79H3VDC,1.026,6.812
WX31D79H34XU,0.99,6.587
WX31D79H3CL4,1.026,6.812
WX31D79H323H,0.99,6.587
WX31D79H3C09,1.026,6.812
WX31D79H3K81,1.044,6.763
WX31D79H30Z8,1.044,6.763
WX31D79H3YLL,1.008,4.712
WX31D79H3ZRY,1.026,6.812
WX31D79H3YZ0,1.008,4.712
WX31D79H39KX,1.026,6.812
WX31D79H3X4U,1.008,4.712
WX31D79H3NTJ,1.008,4.712
WX31D79H3H09,1.008,4.712
WX31D79H30ZX,1.026,6.812
WX31D79H3LP5,1.026,6.812
WX31D79H34U6,1.044,6.763
WX31D79H3KSY,0.99,6.587
WX31D79H3538,1.026,6.812
WX31D79H332H,1.026,6.812
WX31D79H3KXX,1.008,4.712
WX31D79H3LVN,1.008,4.712
WX31D79H38V5,1.026,6.812
WX31D79H323A,0.99,6.587
WX31D79H3L98,0.99,6.587
WX31D79H379P,0.99,6.587
WX31D79H3K8D,1.008,4.712
WX31D79H382S,1.044,6.763
WX31D79H32X9,0.99,6.587
WX31D79H3178,1.026,6.812
WX31D79H36JT,1.008,4.712
WX31D79H31CJ,1.026,6.812
WX31D79H3HSX,1.044,6.763
WX31D79H3AVV,1.026,6.812
WX31D79H3N20,1.008,4.712
WX31D79H3F9J,1.044,6.763
WX31D79H37CZ,1.008,4.712
WX31D79H3U2K,1.026,6.812
WX31D79H3NNY,1.008,4.712
WX31D79H3PA6,1.008,4.712
WX31D79H3U1Z,1.008,4.712
WX31D79H367D,1.026,6.812
WX31D79H3T2X,1.026,6.812
WX31D79H3P89,1.026,6.812
WX31D79H3ZSL,1.026,6.812
WX31D79H390J,1.008,4.712
WX31D79H3TX5,1.026,6.812
WX31D79H3Y28,0.99,6.587
WX31D6907YD8,0.99,6.587
WX31D79H3885,1.044,6.763
WX31D6907L9K,1.026,6.812
WX31D79H37H7,1.044,6.763
WX31D69075D0,0.99,6.587
WX31D6907U3U,0.99,6.587
WX31D6907N0U,1.008,4.712
WX31D6907EK6,1.026,6.812
WX31D6907JHP,1.008,4.712
WX31D79H37EK,0.99,6.587
WX31D79H36H5,1.008,4.712
WX31D79H3V5E,0.99,6.587
WX31D79H367R,1.044,6.763
WX31D79H3ERR,0.99,6.587
WX31D79H3UHF,1.008,4.712
WX31D79H3Y8H,1.026,6.812
WX31D79H31D4,1.044,6.763
WX31D79H35K7,0.99,6.587
WX31D79H3LDL,1.008,4.712
WX31D79H3N2H,0.99,6.587
WX31D79H3N3H,0.99,6.587
WX31D79H3LN3,1.008,4.712
WX31D79H34RN,1.044,6.763
WX31D79H3NTT,1.008,4.712
WX31D79H3T67,1.026,6.812
WX31D79H3PRN,1.026,6.812
WX31D79H3FJ4,1.026,6.812
WX31D6907V9T,1.044,6.763
WX31D69072VU,1.026,6.812
WX31D69070KH,1.044,6.763
WX31D6907394,1.044,6.763
WX31D69072PU,1.008,4.712
WX31D6907J0F,0.99,6.587
WX31D6907J51,1.044,6.763
WX31D6907D63,1.026,6.812
WX31D6907LZR,1.044,6.763
WX31D6907TC2,1.026,6.812
WX31D6907E6H,0.99,6.587
WX31D6907KPY,0.99,6.587
WX31D6907HZ0,0.99,6.587
WX31D69078ZD,1.026,6.812
WX31D69078VT,1.008,4.712
WX31D69075HV,1.008,4.712
WX31D69074TH,1.008,4.712
WX31D6907HPD,1.044,6.763
WX31D6907N9F,0.972,6.587
WX31D69071SY,1.026,6.812
WX31D6907APT,1.026,6.812
WX31D6907V63,1.026,6.812
WX31D6907JHT,1.044,6.763
WX31D6907UNC,1.026,6.812
WX31D6907J7C,1.026,6.812
WX31D6907Z44,1.026,6.812
WX31D6907HZD,1.008,4.712
WX31D69070E6,1.026,6.812
WX31D6907F4S,1.044,6.763
WX31D6907A6R,1.008,4.712
WX31D6907L3C,0.99,6.587
WX31D6907SNU,1.008,4.712
WX31D79H3R55,1.044,6.763
WX31D79H3027,1.044,6.763
WX31D79H3C05,0.99,6.587
WX31D6907TA0,0.99,6.587
WX31D79H32EE,1.044,6.763
WX31D79H38CP,1.008,4.712
WX31D79H3ZPH,1.026,6.812
WX31D79H3X8J,1.008,4.712
WX31D79H3E2F,1.026,6.812
WX31D69072AJ,1.008,4.712
WX31D79H372J,1.008,4.712
WX31D79H3X67,1.044,6.763
WX31D79H31E9,1.044,6.763
WX31D79H3R06,1.008,4.712
WX31D79H369L,1.044,6.763
WX31D79H355A,1.026,6.812
WX31D79H3JAX,1.008,4.712
WX31D6907FC5,1.008,4.712
WX31D79H3N20,1.026,6.812
WX31D69074AV,1.044,6.763
WX31D79H3TFU,1.026,6.812
WX31D6907YC7,1.026,6.812
WX31D79H3897,1.044,6.763
WX31D79H34UE,1.044,6.763
WX31D79H352Y,1.044,6.763
WX31D79H3VCE,0.99,6.587
WX31D79H3P9C,1.044,6.763
WX31D79H30SL,1.044,6.763
WX31D79H3HKR,1.044,6.763
WX31D79H3824,1.026,6.812
WX31D6907SDS,1.008,4.712
WX31D79H3772,1.044,6.763
WX31D79H3D44,1.026,6.812
WX31D69073S2,1.008,4.712
WX31D79H3V8E,1.026,6.812
WX31D79H3EUV,1.026,6.812
WX31D79H3HKP,1.026,6.812
WX31D79H3P62,1.026,6.812
WX31D79H30C7,1.044,6.763
WX31D79H3XKY,1.008,4.712
WX31D79H37KA,1.008,4.712
WX31D79H364U,1.008,4.712
WX31D6907FXJ,1.026,6.812
WX31D79H36NK,1.026,6.812
WX31D79H39NV,1.026,6.812
WX31D79H385V,1.026,6.812
WX31D6907JRS,1.008,4.712
WX31D6907L1U,1.026,6.812
WX31D79H3YKT,1.026,6.812
WX31D6907T2K,1.026,6.812
WX31D6907XHS,1.026,6.812
WX31D6907L80,1.044,6.763
WX31D69079SF,1.008,4.712
WX31D69073AU,1.026,6.812
WX31D690793E,1.026,6.812
WX31D6907AAY,1.026,6.812
WX31D6907YJJ,1.026,6.812
WX31D690762L,1.026,6.812
WX31D6907CKV,1.026,6.812
WX31D6907HK4,1.026,6.812
WX31D6907JCA,1.044,6.763
WX31D6907784,1.044,6.763
WX31D69071JK,1.008,4.712
WX31D6907VHX,1.044,6.763
WX31D6907LFS,1.044,6.763
WX31D6907Y3C,1.026,6.812
WX31D6907VJX,1.026,6.812
WX31D6907RT3,1.044,6.763
WX31D6907T2F,1.044,6.763
WX31D6907UAD,1.026,6.812
WX31D6907HR4,0.99,6.587
WX31D6907ETT,1.026,6.812
WX31D6907CJ5,1.044,6.763
WX31D6907NJV,1.008,4.712
WX31D6907Z4E,1.026,6.812
WX31D691F60K,1.026,6.812
WX31D691F5CY,1.044,6.763
WX31D6907X9P,1.026,6.812
WX31D6907S9V,1.044,6.763
WX31D6907XV0,1.026,6.812
WX31D6907CE1,1.044,6.763
WX31D6907NL9,1.044,6.763
WX31D69071C5,1.044,6.763
WX31D6907TPF,1.044,6.763
WX31D6907ZKE,1.026,6.812
WX31D6907N24,1.026,6.812
WX31D79H3HJJ,1.008,4.712
WX31D79H3H4N,0.99,6.587
WX31D79H3HXZ,0.99,6.587
WX31D79H37H8,1.008,4.712
WX31D79H34Z5,1.026,6.812
WX31D79H3KD0,0.99,6.587
WX31D79H32NC,1.008,4.712
WX31D79H3K24,1.044,6.763
WX31D79H3T88,1.026,6.812
WX31D79H3F6V,1.044,6.763
WX31D79H33D9,1.044,6.763
WX31D79H3TZR,1.008,4.712
WX31D79H3J1L,1.026,6.812
WX31D79H37ZZ,1.026,6.812
WX31D79H3FUV,1.044,6.763
WX31D79H3L35,1.026,6.812
WX31D691FKH9,1.026,6.812
WX31D691F1K8,1.008,4.712
WX31D691FZD7,1.044,6.763
WX31D6907Z7D,1.044,6.763
WX31D691FZR9,1.026,6.812
WX31D6907VRP,1.026,6.812
WX31D691FPFJ,1.008,4.712
WX31D79H3J4R,1.026,6.812
WX31D690757J,1.008,4.712
WX31D6907YZ3,1.026,6.812
WX31D6907TVJ,1.026,6.812
WX31D6907648,1.044,6.763
WX31D6907HXS,1.026,6.812
WX31D6907C03,1.044,6.763
WX31D6907FRV,1.044,6.763
WX31D6907KX2,1.026,6.812
WX31D69075NS,1.044,6.763
WX31D6907DAL,1.026,6.812
WX31D6907HZV,1.044,6.763
WX31D6907RKR,1.026,6.812
WX31D6907NUZ,1.026,6.812
WX31D69076VS,1.044,6.763
WX31D690765T,1.026,6.812
WX31D6907VRE,1.026,6.812
WX31D6907EA8,1.008,4.712
WX31D6907X9A,0.99,6.587
WX31D6907714,1.044,6.763
WX31D6907X62,0.99,6.587
WX31D690775L,1.026,6.812
WX31D6907U0D,1.008,4.712
WX31D69070VN,1.044,6.763
WX31D69076TU,0.99,6.587
WX31D6907YEA,0.99,6.587
WX31D6907125,1.008,4.712
WX31D69076RS,1.026,6.812
WX31D6907330,1.008,4.712
WX31D6907YT4,1.008,4.712
WX31D6907J86,1.026,6.812
WX31D6907S37,1.044,6.763
WX31D69071S3,1.026,6.812
WX31D6907T48,1.026,6.812
WX31D6907657,1.008,4.712
WX31D690764Z,1.026,6.812
WX31D69073FL,0.99,6.587
WX31D69074HV,1.044,6.763
WX31D6907AXY,1.026,6.812
WX31D69072ND,1.026,6.812
WX31D6907925,0.99,6.587
WX31D690711A,1.026,6.812
WX31D6907S1E,1.008,4.712
WX31D6907V0V,1.008,4.712
WX31D79H3P56,1.026,6.812
WX31D6907VFC,1.026,6.812
WX31D79H3H9Y,1.008,4.712
WX31D79H3Y87,1.044,6.763
WX31D79H3JJ5,1.008,4.712
WX31D79H3YL2,1.026,6.812
WX31D79H3ST8,1.008,4.712
WX31D79H3XVV,1.026,6.812
WX31D79H371D,0.99,6.587
WX31D79H3C5F,1.026,6.812
WX31D79H3XZK,1.008,4.712
WX31D79H3CLC,1.044,6.763
WX31D79H3PPX,1.044,6.763
WX31D79H3FLX,1.044,6.763
WX31D79H3AZN,1.008,4.712
WX31D79H34N4,1.026,6.812
WX31D6907VHL,1.044,6.763
WX31D79H3HH0,1.008,4.712
WX31D79H3S23,1.008,4.712
WX31D6907ZR7,1.044,6.763
WX31D69073JP,1.044,6.763
WX31D6907NHT,1.026,6.812
WX31D6907R9F,1.026,6.812
WX31D6907FUF,0.99,6.587
WX31D690747Y,1.026,6.812
WX31D6907ELK,1.026,6.812
WX31D79H35K0,0.99,6.587
WX31D6907553,0.99,6.587
WX31D69074L1,1.026,6.812
WX31D6907UVZ,1.026,6.812
WX31D690742H,1.026,6.812
WX31D6907ZH9,1.044,6.763
WX31D69073NP,1.044,6.763
WX31D69078UA,1.008,4.712
WX31D690734D,0.99,6.587
WX31D6907535,1.026,6.812
WX31D79H3S67,1.026,6.812
WX31D79H3XYX,1.026,6.812
WX31D79H38ZJ,1.008,4.712
WX31D79H3ZR5,1.008,4.712
WX31D79H3797,0.99,6.587
WX31D79H3TNC,1.008,4.712
WX31D79H3UAF,1.008,4.712
WX31D79H3U16,1.008,4.712
WX31D79H3YK0,0.99,6.587
WX31D6907ANS,1.026,6.812
WX31D69079NA,0.99,6.587
WX31D6907CPD,1.026,6.812
WX31D6907PKJ,1.008,4.712
WX31D6907C3N,1.026,6.812
WX31D6907K08,1.026,6.812
WX31D79H3H2D,1.026,6.812
WX31D79H3044,1.026,6.812
WX31D79H3HY2,1.044,6.763
WX31D79H3FVY,0.99,6.587
WX31D79H3T25,0.972,6.587
WX31D79H3133,1.008,4.712
WX31D79H3NY4,1.008,4.712
WX31D79H3URA,1.008,4.712
WX31D6907EZ1,1.008,4.712
WX31D79H38ND,1.026,6.812
WX31D6907X3Z,1.008,4.712
WX31D79H3DC6,1.026,6.812
WX31D690702D,1.008,4.712
WX31D69074CC,1.026,6.812
WX31D6907238,1.026,6.812
WX31D6907U9N,1.008,4.712
WX31D79H3ZV6,0.99,6.587
WX31D69073F7,1.008,4.712
WX31D79H34ZP,1.026,6.812
WX31D6907R8D,1.026,6.812
WX31D79H3RST,0.99,6.587
WX31D6907K8Z,1.026,6.812
WX31D79H3ZCL,1.008,4.712
WX31D6907TNE,1.026,6.812
WX31D69070RX,1.026,6.812
WX31D6907Y6N,1.008,4.712
WX31D6907EUA,0.972,6.587
WX31D6907SUL,1.026,6.812
WX31D79H3V96,0.99,6.587
WX31D6907241,1.044,6.763
WX31D6907C5V,1.026,6.812
WX31D79H3NL3,1.026,6.812
WX31D79H3S5N,1.026,6.812
WX31D6907K8L,1.044,6.763
WX31D6907RVV,0.99,6.587
WX31D6907J2H,1.026,6.812
WX31D79H3XH1,0.99,6.587
WX31D6907FVX,1.008,4.712
WX31D6907NA8,1.044,6.763
WX31D6907K90,1.008,4.712
WX31D6907031,1.008,4.712
WX31D6907FY2,1.026,6.812
WX31D6907U9F,1.026,6.812
WX31D6907PHY,1.026,6.812
WX31D6907XRC,1.026,6.812
WX31D6907UV6,0.99,6.587
WX31D6907T8Y,1.044,6.763
WX31D79H3KXV,1.008,4.712
WX31D79H3L5C,1.008,4.712
WX31D79H36K4,1.044,6.763
WX31D79H3JFE,1.026,6.812
WX31D79H370F,1.026,6.812
WX31D79H3CE7,1.044,6.763
WX31D6907P35,1.044,6.763
WX31D79H3FS9,1.026,6.812
WX31D79H3E75,1.008,4.712
WX31D79H3R95,1.026,6.812
WX31D79H37V3,1.026,6.812
WX31D79H3NSC,1.008,4.712
WX31D79H3UH0,1.044,6.763
WX31D79H33TH,1.008,4.712
WX31D79H3D07,1.026,6.812
WX31D79H3UZ1,1.026,6.812
WX31D79H37CN,0.99,6.587
WX31D79H364T,1.026,6.812
WX31D79H3VP9,1.026,6.812
WX31D79H3X47,1.026,6.812
WX31D79H3XF9,1.044,6.763
WX31D79H3LNU,1.026,6.812
WX31D79H3Z6F,1.008,4.712
WX31D79H3D8E,1.008,4.712
WX31D79H347X,1.008,4.712
WX31D79H37D3,1.026,6.812
WX31D79H39HF,1.026,6.812
WX31D79H33R9,1.044,6.763
WX31D79H3RN5,1.008,4.712
WX31D79H3N51,1.026,6.812
WX31D79H3J67,0.99,6.587
WX31D79H3KHS,1.044,6.763
WX31D79H3SS3,1.026,6.812
WX31D79H3SC0,1.026,6.812
WX31D79H30PX,1.026,6.812
WX31D79H3U63,1.026,6.812
WX31D79H3LVD,1.008,4.712
WX31D79H3XVJ,1.026,6.812
WX31D79H3SVD,1.044,6.763
WX31D79H383V,1.008,4.712
WX31D79H3DNH,1.008,4.712
WX31D79H3ANN,1.044,6.763
WX31D79H3VNS,1.044,6.763
WX31D79H3VJ0,1.026,6.812
WX31D79H3SCR,1.026,6.812
WX31D79H38K7,1.008,4.712
WX31D690767J,1.026,6.812
WX31D79H3JJ2,1.008,4.712
WX31D79H33DP,1.026,6.812
WX31D79H3UCL,1.008,4.712
WX31D69073U8,1.008,4.712
WX31D6907TXV,1.008,4.712
WX31D6907E4A,1.026,6.812
WX31D6907457,1.008,4.712
WX31D6907VHY,1.008,4.712
WX31D690735N,0.99,6.587
WX31D6907UCH,1.026,6.812
WX31D79H3LDS,0.99,6.587
WX31D79H3J9Y,1.026,6.812
WX31D79H3YPT,1.044,6.763
WX31D79H3T65,0.99,6.587
WX31D79H3EFJ,1.026,6.812
WX31D79H3PFP,0.99,6.587
WX31D79H3TVP,0.99,6.587
WX31D79H3CL9,0.99,6.587
WX31D79H3YRC,1.026,6.812
WX31D79H3RA1,1.008,4.712
WX31D79H3Z0F,1.008,4.712
WX31D79H3RU5,1.044,6.763
WX31D79H3ZCA,1.044,6.763
WX31D79H3KHU,1.008,4.712
WX31D79H3VSD,1.026,6.812
WX31D79H33DA,0.99,6.587
WX31D79H382K,1.008,4.712
WX31D79H3ED4,1.026,6.812
WX31D79H3RRJ,0.99,6.587
WX31D79H3LJN,1.026,6.812
WX31D79H3F49,1.008,4.712
WX31D79H3K4Y,1.008,4.712
WX31D79H32Z7,0.99,6.587
WX31D79H3Z1V,0.99,6.587
WX31D79H3841,1.008,4.712
WX31D79H3T4T,1.026,6.812
WX31D79H3976,0.99,6.587
WX31D79H3KEV,0.99,6.587
WX31D79H30S7,1.008,4.712
WX31D79H3HXV,1.026,6.812
WX31D79H3ELS,1.008,4.712
WX31D79H36NU,0.972,6.587
WX31D79H36TE,1.026,6.812
WX31D79H3EPK,1.026,6.812
WX31D79H34YR,1.026,6.812
WX31D79H3N8X,1.026,6.812
WX31D79H3RCC,1.008,4.712
WX31D79H33DR,1.008,4.712
WX31D79H3JKT,1.008,4.712
WX31D79H3VL4,1.026,6.812
WX31D79H3N3T,1.044,6.763
WX31D79H33KC,1.044,6.763
WX31D79H36VE,1.008,4.712
WX31D79H3U45,1.044,6.763
WX31D79H3V1R,1.026,6.812
WX31D79H3R92,1.026,6.812
WX31D79H3KEJ,1.044,6.763
WX31D79H322A,0.99,6.587
WX31D79H39FR,1.044,6.763
WX31D79H33AJ,0.99,6.587
WX31D6907H0D,1.026,6.812
WX31D79H39U6,1.026,6.812
WX31D6907K3T,1.008,4.712
WX31D69077KU,1.008,4.712
WX31D6907DCL,1.044,6.763
WX31D6907H8R,1.008,4.712
WX31D6907XA0,1.008,4.712
WX31D69077LS,1.044,6.763
WX31D690793N,1.008,4.712
WX31D69073AY,1.008,4.712
WX31D6907CS2,1.026,6.812
WX31D69075JR,1.026,6.812
WX31D6907A4F,1.044,6.763
WX31D69072AV,1.026,6.812
WX31D69074UL,1.026,6.812
WX31D6907FNU,1.026,6.812
WX31D6907948,0.99,6.587
WX31D6907D32,0.99,6.587
WX31D6907RAC,1.008,4.712
WX31D69077Y5,0.99,6.587
WX31D6907PCC,1.044,6.763
WX31D6907XHU,1.026,6.812
WX31D690713P,1.044,6.763
WX31D6907E8Y,0.99,6.587
WX31D6907V31,0.972,6.587
WX31D6907JC1,1.026,6.812
WX31D6907A9N,1.008,4.712
WX31D6907N5N,1.044,6.763
WX31D79H3E65,1.008,4.712
WX31D79H3LKL,1.008,4.712
WX31D79H356V,1.008,4.712
WX31D79H32UP,1.008,4.712
WX31D79H3N0D,1.026,6.812
WX31D79H3P4Y,1.026,6.812
WX31D79H3TNK,0.99,6.587
WX31D79H3SYX,1.008,4.712
WX31D79H3KLL,1.026,6.812
WX31D69075YV,1.026,6.812
WX31D69078AC,0.99,6.587
WX31D69079J3,1.026,6.812
WX31D6907YUA,1.044,6.763
WX31D6907826,1.026,6.812
WX31D69071KX,0.99,6.587
WX31D690735V,1.008,4.712
WX31D6907SLF,1.026,6.812
WX31D79H3JU5,1.026,6.812
WX31D6907LZE,1.026,6.812
WX31D79H3X3X,1.044,6.763
WX31D79H37V7,1.008,4.712
WX31D79H3UHV,1.026,6.812
WX31D79H362Z,1.026,6.812
WX31D79H3N94,0.99,6.587
WX31D79H3YF3,0.972,6.587
WX31D79H3SPR,1.008,4.712
WX31D79H3JFY,0.972,6.587
WX31D79H3YX9,1.008,4.712
WX31D79H3PH1,1.008,4.712
WX31D79H3DZJ,1.008,4.712
WX31D79H3VXZ,1.008,4.712
WX31D79H315U,0.99,6.587
WX31D79H37VH,1.008,4.712
WX31D79H38SY,0.99,6.587
WX31D79H392T,1.008,4.712
WX31D79H3N1A,0.99,6.587
WX31D79H327P,1.026,6.812
WX31D6907X0T,1.044,6.763
WX31D6907CUU,1.008,4.712
WX31D69071FE,0.972,6.587
WX31D69073TZ,1.026,6.812
WX31D69074U1,1.008,4.712
WX31D6907SSD,0.99,6.587
WX31D69076TR,1.008,4.712
WX31D6907VAK,0.99,6.587
WX31D6907AZY,1.026,6.812
WX31D6907YZ6,0.972,6.587
WX31D79H3P9S,0.99,6.587
WX31D79H3EZ7,0.99,6.587
WX31D79H395C,0.99,6.587
WX31D79H30J6,1.008,4.712
WX31D79H32D7,0.99,6.587
WX31D79H3K63,1.044,6.763
WX31D79H3CY1,1.026,6.812
WX31D79H34RT,1.026,6.812
WX31D79H3ZLJ,1.044,6.763
WX31D79H3323,1.008,4.712
WX31D79H3ADS,0.99,6.587
WX31D79H3UEL,1.026,6.812
WX31D79H37F7,1.008,4.712
WX31D79H33F7,1.008,4.712
WX31D79H32FT,1.008,4.712
WX31D79H38F4,1.026,6.812
WX31D79H3Z1D,1.026,6.812
WX31D79H3A3A,1.008,4.712
WX31D79H3U0P,0.99,6.587
WX31D6907RC0,1.008,4.712
WX31D6907V47,1.026,6.812
WX31D6907NYK,1.026,6.812
WX31D69075R1,1.026,6.812
WX31D6907RLJ,1.026,6.812
WX31D690751P,1.044,6.763
WX31D6907RC4,1.026,6.812
WX31D69071SN,1.026,6.812
WX31D79H3KLR,1.044,6.763
WX31D79H3AR3,1.026,6.812
WX31D79H3DS1,1.026,6.812
WX31D79H3Y9U,1.008,4.712
WX31D79H376J,1.008,4.712
WX31D79H39UZ,1.026,6.812
WX31D6907A1F,1.026,6.812
WX31D6907YCN,1.044,6.763
WX31D6907HAS,1.026,6.812
WX31D6907CCD,1.026,6.812
WX31D6907KU4,1.026,6.812
WX31D69077CY,0.972,6.587
WX31D6907199,1.044,6.763
WX31D6907SVD,1.008,4.712
WX31D6907XNN,1.026,6.812
WX31D6907NUU,1.008,4.712
WX31D6907E39,1.044,6.763
WX31D6907L6P,0.99,6.587
WX31D6907RTX,1.044,6.763
WX31D69075CP,1.026,6.812
WX31D69074X7,1.044,6.763
WX31D69070VD,1.026,6.812
WX31D690722S,1.008,4.712
WX31D6907A2N,1.026,6.812
WX31D79H39Y7,1.026,6.812
WX31D79H3N43,1.026,6.812
WX31D79H3F5H,1.008,4.712
WX31D79H32SR,1.026,6.812
WX31D79H30PD,1.044,6.763
WX31D79H35EP,1.026,6.812
WX31D79H3UHX,1.026,6.812
WX31D79H3FCV,1.026,6.812
WX31D690773C,1.008,4.712
WX31D690770K,0.99,6.587
WX31D79H3L5P,1.026,6.812
WX31D690770C,1.026,6.812
WX31D6907L8A,1.044,6.763
WX31D6907337,1.044,6.763
WX31D69076Y7,1.026,6.812
WX31D69077VV,1.044,6.763
WX31D6907Z36,1.026,6.812
WX31D79H3AZ7,0.99,6.587
WX31D79H323Y,1.008,4.712
WX31D79H3107,1.008,4.712
WX31D79H3120,0.99,6.587
WX31D79H3DFE,1.008,4.712
WX31D79H3D67,1.026,6.812
WX31D79H36NN,1.026,6.812
WX31D79H3Z2T,1.026,6.812
WX31D79H3F4H,1.026,6.812
WX31D79H3FNR,1.044,6.763
WX31D6907Y1U,1.044,6.763
WX31D6907LC2,1.008,4.712
WX31D6907R2D,1.044,6.763
WX31D6907EUZ,1.026,6.812
WX31D6907CKT,0.99,6.587
WX31D69076CS,0.99,6.587
WX31D69075JE,1.008,4.712
WX31D6907KTF,1.044,6.763
WX31D6907T3X,0.99,6.587
WX31D6907HP4,1.044,6.763
WX31D6907YC9,1.026,6.812
WX31D6907AHV,1.044,6.763
WX31D690795X,1.026,6.812
WX31D6907DA9,1.008,4.712
WX31D690790P,0.99,6.587
WX31D6907S9Z,0.99,6.587
WX31D6907D4N,1.026,6.812
WX31D690750D,1.026,6.812
WX31D6907639,1.008,4.712
WX31D6907NTN,1.026,6.812
WX31D69075E2,1.026,6.812
WX31D6907SYX,1.026,6.812
WX31D690781U,1.026,6.812
WX31D691FFX2,1.044,6.763
WX31D6907Z62,1.008,4.712
WX31D691FAL9,1.026,6.812
WX31D6907RRL,1.026,6.812
WX31D6907TD5,1.026,6.812
WX31D691F9YU,1.026,6.812
WX31D691FURN,0.99,6.587
WX31D691FV79,1.008,4.712
WX31D691FNL6,0.99,6.587
WX31D6907S5C,0.99,6.587
WX31D691F2PX,1.026,6.812
WX31D6907V84,1.026,6.812
WX31D6907JA3,1.026,6.812
WX31D6907KHT,1.044,6.763
WX31D6907HD5,1.044,6.763
WX31D6907RPZ,1.008,4.712
WX31D6907872,1.026,6.812
WX31D69071JZ,1.026,6.812
WX31D6907VCD,1.008,4.712
WX31D6907H2N,1.008,4.712
WX31D690738S,1.044,6.763
WX31D690706F,1.044,6.763
WX31D6907ZEF,1.026,6.812
WX31D6907YJU,1.026,6.812
WX31D6907UF3,1.008,4.712
WX31D69070Y8,1.026,6.812
WX31D6907XTD,0.972,6.587
WX31D6907XR3,0.99,6.587
